{
    "Kodak": {
        "PSNR": [38.08461, 36.13439, 34.27731, 32.47287, 30.63940, 29.14685],
        "bpp":  [0.83036, 0.58840, 0.41229, 0.27708, 0.17135, 0.10424]
    },
    "CLIC": {
        "PSNR": [38.79493, 37.14013, 35.55986, 34.01956, 32.40954, 31.09386],
        "bpp":  [0.60765, 0.41692, 0.29317, 0.20046, 0.12783, 0.07999]
    },
    "Tecnick": {
        "PSNR": [38.83482, 37.28899, 35.78379, 34.24225, 32.66148, 31.32328],
        "bpp":  [0.56136, 0.38974, 0.27949, 0.19800, 0.13328, 0.08987]
    }
}